{"cameraMode":{"drawMode":0,"name":"Shaded","section":"Shading Mode"},"sceneLighting":false,"audioPlay":false,"sceneViewState":{"showFog":true,"showMaterialUpdate":false,"showSkybox":false,"showFlares":true,"showImageEffects":true,"showParticleSystems":true},"in2DMode":false,"pivot":{"x":-0.13499987125396729,"y":0.7350002527236939,"z":12.0},"rotation":{"x":-0.10742001235485077,"y":-0.36603960394859316,"z":0.042581282556056979,"w":-0.9233974814414978},"size":72.8392562866211,"orthographic":false}