{"cameraMode":{"drawMode":0,"name":"Shaded","section":"Shading Mode"},"sceneLighting":true,"audioPlay":false,"sceneViewState":{"showFog":true,"showMaterialUpdate":false,"showSkybox":true,"showFlares":true,"showImageEffects":true,"showParticleSystems":true},"in2DMode":false,"pivot":{"x":-1.0829397439956666,"y":13.240534782409668,"z":3.3917977809906008},"rotation":{"x":-0.015111505053937436,"y":0.1603814661502838,"z":-0.0024562994949519636,"w":-0.9869363903999329},"size":36.70759582519531,"orthographic":false}